sku;stock;pvpventa
820613-2112;;1.786 
820613-2113;;1.824 
119481;;125 
163846;;245 
183653;;58 
266616N;;475 
316872;;235 
346109;;96 
373067;;53 
373075;;53 
373084;;67 
373579;;110 
456120;;211 
457491;;302 
475168;;91 
5008;;4 
5031;;11 
5033S;;26 
532115;;1.584 
552522;;168 
579930G9;;2.357 
579930G9D;;2.419 
580919;;58 
584102;;86 
591983;;2.107 
593375;;374 
594629;;216 
594782N;;624 
661499;;106 
662199;;82 
662514;;499 
70363;;32 
70806;;67 
725751;;437 
736543;;192 
736543D;;254 
742350;;1.128 
763824;;240 
783618;;389 
783618D;;451 
783627;;413 
783627D;;475 
786351;;154 
787017;;96 
792572;;259 
793258;;998 
793258D;;1.066 
793429;;96 
794017;;211 
851472;;106 
853804;;202 
854275;;144 
854416;;302 
861298;;158 
863964;;178 
876124;;667 
880138;;158 
921688;;158 
174112;1;466 
174112D;1;518 
266251N;1;370 
302915;1;350 
305850;1;1.032 
373437;1;581 
374925;1;398 
485470;1;605 
580931;1;58 
618492;1;288 
648388;1;86 
683759;1;265 
75074542;1;235 
753321;1;917 
810637;1;2.952 
810637D;1;3.000 
831635;1;475 
873079;1;2.952 
873079D;1;2.995 
874426;1;333 
876124D;1;725 
877342;1;763 
924071;1;595 
213301;2;355 
266973N;2;235 
275836;2;2.237 
373437D;2;629 
377485;2;254 
442963;2;120 
456453D;2;317 
473859;2;187 
50121S;2;38 
5017S;2;20 
591684;2;2.237 
591762;2;1.368 
60134;2;158 
654227;2;101 
664443;2;173 
713016;2;1.598 
776538;2;319 
785861;2;2.664 
785861D;2;2.712 
786645;2;230 
793269;2;979 
793412;2;182 
793960G;2;2.261 
793960GD;2;2.314 
832139;2;331 
872478D;2;1.622 
876360;2;432 
876360D;2;475 
946370;2;374 
820426-2059;3;1.464 
2059;3;317 
2062;3;98 
266695;3;475 
287693;3;278 
29-E47;3;946 
305507;3;1.685 
375438;3;319 
456231D;3;235 
473217;3;134 
482164;3;158 
5031S;3;24 
536844;3;590 
618859;3;456 
618914;3;154 
687355;3;211 
690217;3;2.002 
697825;3;86 
697943;3;187 
711132;3;586 
716583;3;317 
7441;3;77 
745201;3;887 
754306;3;374 
756729;3;797 
764011;3;317 
793269D;3;1.027 
794691;3;3.998 
794691D;3;4.147 
863624;3;115 
877503;3;484 
892519;3;143 
820426-2060;4;1.488 
792425-2073;4;706 
820426-2059P;4;1.430 
2073;4;230 
2113;4;259 
213547;4;134 
213547UK;4;147 
345381;4;235 
373629UK;4;202 
442963UK;4;133 
456231;4;158 
494378;4;1.584 
496503;4;1.277 
496640;4;1.157 
5008S;4;22 
584438D;4;365 
591538;4;1.594 
70201;4;24 
70421;4;43 
725106;4;47 
827635;4;374 
956235;4;34 
860752-2083;5;797 
266544N;5;264 
328326;5;235 
589204;5;384 
618253;5;288 
625654;5;130 
663542;5;245 
679215D;5;355 
70101;5;101 
70122;5;106 
710936;5;77 
7148;5;11 
716478;5;413 
716478D;5;475 
736198;5;290 
758022;5;542 
775922;5;158 
854196N;5;158 
854537D;5;605 
854537N;5;475 
876113;5;557 
876113D;5;614 
877019;5;941 
2064;6;190 
2083;6;269 
2112;6;221 
290152;6;341 
301012;6;456 
357960LT;6;77 
394647;6;298 
485562;6;379 
542013;6;542 
543962;6;221 
584659;6;82 
618271;6;264 
618609;6;230 
625211;6;235 
653841;6;302 
70155;6;130 
70605;6;58 
741563;6;165 
786485;6;245 
793960;6;2.155 
793960D;6;2.198 
872469;6;1.426 
872469D;6;1.478 
876352;6;408 
876352D;6;470 
932401;6;504 
152461;7;389 
183431;7;173 
193539;7;269 
193539D;7;317 
346246;7;221 
375325;7;190 
377523;7;211 
542013D;7;595 
553616;7;365 
593429;7;202 
594894;7;168 
661418;7;115 
685364;7;798 
70350;7;29 
70454;7;43 
716153;7;158 
764123;7;245 
782619;7;326 
793091;7;658 
793091D;7;706 
821629;7;422 
872956;7;1.848 
895260;7;306 
152461D;8;437 
371102;8;355 
508424;8;187 
563958;8;212 
625769;8;43 
689253;8;317 
689253D;8;370 
691573;8;149 
746709;8;260 
754192;8;490 
757186;8;216 
774697;8;254 
872593;8;763 
954129;8;317 
1472;9;10 
2059P;9;283 
266172;9;206 
436462;9;178 
492061;9;221 
492061UK;9;234 
496925;9;1.200 
50061S;9;20 
520783;9;461 
520783D;9;514 
579814G9;9;955 
579814G9D;9;1.008 
584326;9;197 
614157;9;336 
651431;9;523 
689127;9;77 
70302;9;29 
7075;9;221 
716620;9;787 
753251;9;869 
786831;9;293 
786973;9;408 
787253;9;110 
832128;9;331 
938346;9;778 
2060;10;341 
2069;10;437 
266753;10;144 
305284;10;955 
346357;10;96 
346357UK;10;109 
387218;10;2.150 
480152;10;379 
483490;10;67 
507818;10;298 
541450;10;1.277 
541450D;10;1.334 
584541D;10;830 
60112;10;102 
60123;10;112 
648417;10;110 
661946N;10;341 
663023;10;96 
696252;10;1.358 
761398;10;797 
785648;10;1.171 
785648D;10;1.219 
867123;10;48 
840842-2061;11;797 
2061;11;115 
213455;11;360 
268172;11;139 
29-E16;11;533 
297028;11;134 
305714;11;926 
461831;11;106 
523306;11;787 
571034G9;11;120 
618716;11;115 
679526N;11;475 
685372;11;1.210 
685372UK;11;1.210 
716620D;11;840 
732401;11;134 
763592;11;499 
783517;11;365 
783517D;11;427 
786966;11;389 
794218;11;298 
794539;11;202 
820318;11;634 
872258;11;125 
182504;12;398 
213226;12;67 
287506;12;283 
305137;12;1.037 
305429;12;1.584 
316704;12;235 
346011;12;48 
346230;12;221 
346766;12;158 
394318;12;82 
412371;12;634 
481541;12;158 
481541D;12;221 
482033;12;254 
507413;12;149 
661946NUK;12;354 
726439;12;121 
742215;12;149 
743264;12;219 
748472;12;235 
764352;12;451 
786430;12;235 
794496;12;96 
824612;12;48 
831622;12;475 
954238;12;1.915 
978153;12;139 
792107-20691;13;1.109 
346230UK;13;234 
375213;13;66 
462812;13;221 
507130;13;442 
553106;13;192 
589316;13;144 
635387;13;187 
648175;13;350 
724012;13;542 
773421;13;254 
794172;13;374 
847118;13;72 
874192;13;139 
876873-2071;14;317 
876873-2082;14;389 
876873-2084;14;370 
2071;14;144 
287760;14;403 
364355;14;638 
364355D;14;720 
373685;14;182 
392742;14;167 
524360;14;106 
553095;14;302 
614157UK;14;344 
625432;14;43 
646137;14;206 
753260;14;787 
756853;14;871 
763585;14;533 
786621;14;221 
793659;14;336 
793659D;14;384 
842753;14;66 
894190;14;203 
938102;14;638 
127387;15;120 
1419;15;11 
266847;15;317 
346724;15;158 
373357;15;418 
373357D;15;466 
391329;15;82 
456120D;15;307 
523499;15;787 
618436;15;317 
657029;15;101 
679215N;15;307 
724234;15;418 
773572;15;312 
785635;15;1.027 
814263;15;134 
816137;15;595 
827746;15;96 
854321;15;389 
938213;15;778 
89431589-7443;16;240 
266946;16;235 
328319;16;235 
431862;16;850 
442637;16;288 
442637UK;16;301 
462952;16;787 
473228;16;134 
552283;16;235 
568672;16;442 
584438;16;298 
648436;16;110 
651542;16;350 
673744;16;168 
718257;16;187 
7443;16;58 
785635D;16;1.075 
786716;16;278 
814256;16;139 
867012;16;187 
872941;16;1.690 
956522;16;158 
127646;17;475 
29-E35;17;350 
324563;17;26 
351822;17;350 
373091;17;72 
386279;17;696 
391653;17;216 
467235;17;106 
508516;17;187 
532906;17;283 
552141;17;283 
618318;17;475 
650195;17;72 
654942;17;254 
794368;17;350 
810871;17;120 
872941D;17;1.747 
960243;17;158 
996426;17;158 
118624;18;475 
119344;18;86 
160785;18;91 
161461;18;288 
266426;18;212 
297134;18;125 
373261;18;350 
373261D;18;398 
447510;18;998 
467235UK;18;118 
475592;18;144 
475592UK;18;157 
527021B2/2;18;9 
584541;18;749 
60101;18;51 
680941;18;168 
685483;18;955 
696318;18;912 
716208;18;221 
754031;18;552 
787024;18;101 
791248;18;149 
813129;18;360 
827523;18;158 
842016;18;269 
872712;18;206 
872729;18;221 
130963;19;139 
174011;19;264 
174213;19;187 
266577;19;278 
266822N;19;370 
345509;19;365 
421862;19;235 
429126;19;206 
452193;19;307 
508111;19;446 
508111D;19;499 
569529;19;131 
685483UK;19;955 
697601;19;206 
724128;19;432 
726124;19;81 
751213;19;466 
757355;19;365 
851973;19;163 
854416D;19;350 
854416N;19;298 
912064;19;149 
119238;20;106 
160563;20;298 
345509D;20;418 
442749;20;216 
5003S;20;18 
662413;20;312 
662536;20;178 
757362;20;350 
847235;20;211 
956518;20;118 
112512;21;202 
112638;21;125 
127509;21;475 
1361;21;10 
160451;21;125 
161022;21;691 
213639;21;221 
213639D;21;274 
229067;21;154 
453294;21;168 
552933;21;158 
664115;21;317 
696427;21;926 
698426;21;922 
698426UK;21;922 
721745;21;230 
7368;21;29 
783529;21;384 
794025;21;226 
794025D;21;288 
184136;22;384 
2070;22;288 
397319;22;53 
495872;22;346 
553472;22;264 
619134;22;317 
683195;22;120 
757218;22;274 
763950;22;355 
781539;22;115 
783529D;22;446 
793534;22;389 
793534D;22;437 
814027;22;134 
819374;22;158 
854416ND;22;269 
860218;22;110 
124346;23;250 
127011;23;77 
148193;23;158 
195381;23;302 
213790;23;278 
428605;23;139 
436631;23;96 
738026;23;1.046 
743352;23;129 
757232;23;264 
870951;23;91 
792219-20701;24;936 
119573;24;475 
297103;24;125 
305963;24;638 
316451;24;274 
373272;24;355 
373272D;24;398 
373581;24;110 
385415;24;374 
453294UK;24;181 
475416;24;221 
475416UK;24;234 
508030;24;432 
508030D;24;475 
564916;24;264 
569120;24;365 
663676;24;110 
679526;24;475 
755108;24;211 
792750;24;2.170 
792750UK;24;2.170 
852508;24;370 
953271;24;158 
480531-4834;25;173 
480531-S/A;25;144 
213790D;25;331 
316918;25;235 
386113;25;413 
394529;25;331 
397402;25;197 
428605P;25;120 
429948;25;32 
50069;25;5 
535190;25;158 
564803;25;475 
652043;25;638 
675327;25;126 
726012;25;94 
899925;25;158 
127752;26;394 
266028;26;106 
266724;26;149 
373342;26;432 
373342D;26;475 
475273;26;278 
481016;26;470 
481016D;26;523 
494745;26;58 
507514;26;499 
508222;26;317 
539764;26;230 
762905;26;139 
763967;26;336 
831940;26;235 
867234;26;182 
943501;26;187 
792386-20721;27;710 
127417;27;317 
160974;27;394 
2084;27;197 
257685;27;90 
364201;27;446 
364201D;27;499 
371235;27;250 
376484;27;100 
495703;27;230 
553347;27;173 
754861;27;638 
773106;27;82 
786136;27;178 
983162;27;1.114 
49441583-7611;28;638 
148277;28;158 
266782N;28;149 
394834;28;341 
442749UK;28;229 
497751;28;528 
5033;28;12 
552097;28;283 
553350;28;221 
651320;28;730 
783741;28;250 
785194;28;139 
826198;28;158 
2072;29;139 
2082;29;216 
213868;29;67 
29-E07/178;29;528 
305391;29;725 
353021;29;206 
373425;29;552 
373425D;29;595 
622582;29;285 
628415;29;38 
654377;29;118 
683284;29;125 
685497;29;1.114 
743826;29;129 
7611;29;182 
174631;30;110 
183542;30;62 
193364;30;269 
266866;30;370 
324190;30;42 
373378;30;398 
618547;30;518 
661917;30;346 
786508;30;408 
183320;31;178 
373142;31;240 
373142D;31;288 
373378D;31;470 
413626;31;206 
413756;31;254 
553602;31;315 
685497UK;31;1.114 
723820;31;125 
770916;31;197 
786577;31;422 
787130;31;106 
792538;31;259 
793635;31;331 
793635D;31;379 
816052;31;360 
854321D;31;494 
860627;31;149 
860953;31;96 
872853;31;1.219 
372095;32;38 
391540;32;197 
598301;32;754 
663554;32;197 
679526D;32;629 
764599;32;254 
160674;33;475 
193364D;33;317 
273954;33;293 
346573;33;48 
352918;33;130 
496851;33;864 
507939;33;254 
507939D;33;312 
584214;33;254 
586923;33;1.277 
641697;33;173 
723714;33;158 
723955;33;120 
872853D;33;1.272 
956082;33;48 
69441581-7608;34;437 
205296;34;206 
413503;34;77 
436218;34;144 
541528;34;139 
586923UK;34;1.277 
650319;34;211 
723820UK;34;133 
7608;34;144 
821437;34;893 
127233;35;86 
207393;35;144 
373416;35;538 
373416D;35;586 
442522;35;38 
662136N;35;110 
753319;35;1.008 
785263;35;230 
792549;35;259 
793407;35;197 
793746;35;686 
793746D;35;734 
206181;36;144 
253987;36;144 
295183;36;197 
394782;36;192 
50069S;36;23 
593741;36;82 
872611;36;542 
254069;37;144 
431851;37;850 
453108;37;230 
508323;37;130 
586911;37;1.166 
654639;37;315 
695190;37;710 
825473;37;120 
198321;38;221 
456342D;38;158 
729040;38;158 
793168;38;110 
793371;38;173 
956450;38;120 
443196;39;158 
493045;39;144 
493045UK;39;157 
552672;39;173 
553486;39;269 
761690;39;230 
854275N;39;144 
195627;40;178 
375099;40;32 
653608;40;110 
673699;40;139 
753114;40;475 
160320;41;77 
266284;41;317 
392856;41;58 
453108UK;41;243 
508718;41;278 
508718D;41;331 
509213;41;307 
685216;41;638 
29-E07/150;42;302 
297011;42;134 
468174;42;178 
507039;42;298 
711021;42;149 
765376;42;67 
124011;43;192 
127127;43;125 
213111;43;130 
375618;43;107 
377934;43;317 
442851;43;67 
490633;43;154 
506625;43;53 
586911UK;43;1.166 
614259;43;144 
662136NUK;43;123 
736210;43;298 
765509;43;62 
779025;43;101 
847492;43;142 
29-E07/90;44;221 
29-E23;44;158 
518394;44;187 
774536;44;389 
793523;44;370 
793523D;44;418 
847351;44;121 
493168;45;125 
493168UK;45;138 
531973;45;134 
586107;45;149 
614082;45;206 
673938;45;61 
753108;45;456 
266290;46;307 
726281;46;112 
831963;46;235 
183201;47;154 
614259UK;47;152 
661565;47;173 
685201;47;619 
761690UK;47;238 
769932;47;158 
815470;47;110 
346596;48;48 
394460;48;221 
685216UK;48;646 
836104;48;96 
836104UK;48;104 
296243;49;264 
661457N;49;149 
835244;49;158 
956384;49;130 
124465;50;293 
552431;50;317 
614082UK;50;214 
685201UK;50;627 
726348;50;69 
787260;50;120 
391870;51;115 
456342;51;96 
377101;52;53 
461975;52;197 
825306;52;226 
29-E13;53;403 
373250;53;379 
373250D;53;427 
593364;54;384 
642053;54;144 
711324;54;130 
854275D;54;216 
193091;55;72 
468210;55;37 
648362;55;86 
661457NUK;55;162 
697712;55;72 
324281;56;264 
345462;56;61 
652138;56;422 
763712;56;230 
896306;56;72 
590716;57;178 
784347;57;96 
793301;57;91 
324281UK;58;272 
372361;58;106 
600501;58;24 
663618;58;110 
346115;59;96 
373629;59;187 
493826;59;91 
468210UK;60;61 
492753;60;126 
736321;60;125 
787147;60;106 
896412;60;72 
198533;61;182 
924713;61;211 
174414;62;115 
373123;62;211 
373123D;62;259 
553218;62;86 
281096;63;134 
373614;63;192 
493826UK;63;99 
580833;63;96 
346382;64;96 
4834;64;16 
346382UK;65;109 
7164;65;14 
9001;65;14 
119015;66;67 
1280;66;6 
250516N;66;1.248 
978245;66;158 
456453;67;216 
119122;68;91 
373614UK;68;206 
372408;69;130 
694931;69;43 
772518;69;158 
956241;69;48 
281360;70;725 
281360D;70;773 
495663;70;62 
653422;71;350 
653422D;71;398 
863952;71;178 
287753;72;355 
375509;72;121 
761508;72;139 
794528;73;187 
851251;74;72 
281275;75;370 
281275D;75;437 
385314;75;475 
506847;76;48 
650274;76;206 
662110;77;91 
553229;79;78 
684530;79;173 
761508UK;79;147 
506514;80;178 
552758;81;47 
814516;81;202 
854683;81;77 
391218;82;62 
9004;82;14 
193453;83;365 
193453D;83;427 
509327;83;134 
615926;83;91 
429852;85;24 
675406;85;154 
376370;89;114 
281483;90;259 
509010;91;106 
654168;91;51 
654248;91;101 
373101;93;240 
600502;93;11 
373101D;94;288 
372284;95;72 
514390;97;53 
783753;97;240 
748719;99;307 
506736;100;168 
590681;100;182 
5003;101;3 
549234;101;48 
748719UK;101;307 
514390UK;102;61 
794485;102;91 
372510;106;130 
346028;108;48 
50161;112;8 
266035N;119;106 
472684;119;250 
5001;135;3 
415801;148;57 
415801UK;150;90 
600503;156;24 
193273;160;72 
552764;164;47 
784326;166;91 
600514;167;24 
5017;176;4 
373599;180;120 
580944;182;58 
3075;207;16 
1465;208;6 
490275;226;34 
490275UK;226;70 
7083210;263;1 
549221;268;48 
50089;276;5 
468227;328;37 
50121;408;8 
50229;483;5 
50011;765;2 
5004;786;4 
50215;967;6 
50179;1229;5 
50213;1379;2 
50212;1627;5 
