"idoxatis";"sku";"nombre";"stock";"pvpventa";"pvprecomendado";"ean"
18519400;E-613144;Lámpara Etna Schuller - Lampara 6 luces pantallas;1;274;359,00;
18520570;174213;Plafon Andromeda Schuller - Pantalla abalorios - LED;19;187;;8435435301224
18520573;174631;Aplique Andromeda Schuller - Bolas cromo - LED;30;110;;8435435301255
18522497;E-357586;Sobremesa perro ver Puppy - Schuller;20;30;45,00;
18522585;E-357591;Sobremesa perro azul Puppy - Schuller;4;35;;
18522635;840842/2061;Mesa centro Time Schuller - cristal pata ondas;11;797;;
18522826;E-471619;Aplique Mol schuller - 6 luces LED;1;111;134,00;
18523091;821629;Mesa Calima Schuller - Mueble auxiliar acero 60 cm;7;422;;8435435310929
18523138;821437;Consola Calima Schuller - Acero inoxidable;34;893;;8435435310912
18523139;E-256023;Mecedora Ibiza Schuller - Mecedora exterior negra;1;139,05;204,49;
18523827;174414;Sobremesa Andromeda Schuller - cromo pantalla - LED;62;115;;8435435301231
18523953;174112;Lampara Andromeda Schuller - Colgante Ø60cm - LED;1;466;;8435435323615
18524808;174011;Lampara Andromeda Schuller - Colgante Ø45cm - LED;19;264;;8435435301200
18524906;586423bl;Sobremesa Blanco Cargador Movil con altavoz - Schuller;0;79,96;135,52;
18524908;586423ng;Sobremesa Negro Cargador Movil con altavoz - Schuller;0;79,96;135,52;
18524979;664443/7376;Sobremesa Terra Schuller - Pan de oro pantalla - LED;1;173;;8435435322953
18528082;664228;Lampara Deco Schuller - Pan de plata pantalla - LED;1;187;;
18528358;E-463613;Lampara Luppo Schuller - Lineal abalorios cristal - LED;1;229;425,00;
18593248;508030;Plafon Argos Schuller - Plafon Ø50cm espejo Argos;24;432;475,00;8435435323783
18593252;508718;Colgante Argos Schuller - Lampara de Ø40cm LED;41;278;317,00;8435435305260
18593253;508111;Colgante Argos Schuller - Lampara de Ø50cm LED;19;446;;8435435305208
18593258;509010;Colgante Argos Schuller - Colgante de Ø22cm LED;91;106;125,00;8435435305291
18593261;508222;Sobremesa Argos Schuller - Tulipa espejo grande - LED;26;317;;8435435305215
18593279;508516;Sobremesa Argos Schuller - Tulipa espejo pequeño - LED;17;187;211,00;8435435305246
18593293;509213;Lampara Argos Schuller - Lampara linea 3 tulipas - LED;41;307;374,00;8435435305307
18593317;509327;Aplique Argos Schuller -Tulipa Espejo;83;134;;8435435305314
18593623;876241;Colgante Ariadna Schuller - Transparente. 2 tamaños;0;451;;8435435323981
18593624;876113;Colgante Ariadna Schuller - Transparente. 2 tamaños;5;557;;8435435323868
18593627;876295;Colgante Ariadna Schuller - champagne Ø53cm;0;389;;
18593628;876124;Colgante Ariadna Schuller - champagne Ø66cm;0;667;;8435435311469
18593632;876352;Plafón Ariadna Schuller - transparente 53 cm LED;6;408;;8435435323998
18593635;876360;Plafón Ariadna Schuller - Cristales champagne 53 cm - LED;2;432;;8435435324001
18594519;193091;Aplique Arian Schuller - tulipa espejo - LED;55;72;;8435435313012
18594540;193273;Lámpara Arian Schuller - 1 Colgante espejo - LED;160;72;;8435435313036
18594553;193364;Lámpara Arian Schuller - 5 Colgantes espejo - LED;30;269;;8435435323646
18594557;193453;Lámpara Arian Schuller - 7 Colgantes espejo - LED;83;365;;8435435323653
18594564;193539;Lampara Arian Schuller - 5 colgantes espejo - LED;7;269;;8435435313067
18594649;874426;Lampara Aruma Schuller - 2 barras LED;1;595;;8435435315221
18595365;696318;Plafón Bruma Schuller - Semiplafón almendros LED;18;1051;;8435435312121
18595381;860218;Colgante Bubble Schuller - Tulipa doble luz LED;22;106;;8435435314149
18595387;E-860117;Lampara Bubble Schuller - 4 colgantes en linea - LED;3;374;;
18595408;E-735836;Lampara Coras Schuller - Colgante blanco y plata - LED;1;259;394,00;
18599006;827523;Sobremesa Cosmo Schuller - Cromo 2 barras LED;18;158;;8435435313371
18599029;827746;Colgante Cosmos Schuller - Cromo luz LED;15;101;;
18616564;E-827968;Lampara Cosmo schuller - 3 Barras de luz LED;1;370;;
18616578;827635;Lámpara de pie Cosmo Schuller - 2 barras LED;4;374;;8435435313388
18616789;152461;Colgante Cronos Schuller - Cromo Ø60cm LED;7;389;;8435435322823
18623316;183653;Aplique Cube Schuller - 1 luz LED;0;58;;8435435301361
18623325;183542;Sobremesa serie Cube Schuller - Tulipa blanca - LED;30;62;;8435435301354
18623346;183320;Plafón Cube Schuller - 4 luces tulipas doble - LED;31;178;;8435435301330
18623354;183431;Lampara Cube Schuller - 4 tulipas en linea - LED;7;173;;8435435301347
18623380;571034G9;Aplique Cubic Schuller - 2 luces cristal - LED;11;120;;8435435313593
18623830;508323;Aplique Diamond Schuller - Abalorios cristal;37;130;;8435435305222
18623878;508931;Lámpara de pie Diamond Schuller - Abalorios - LED;23;475;;8435435324032
18623895;507413;Colgante Diamond Schuller - Abalorios cristal - 24cm LED;12;149;;8435435305154
18623899;507514;Lampara Diamond Schuller - Abalorios cristal - 54cm LED;26;557;;8435435305161
18623917;507039;Plafón Diamond Schuller - Abalorios cristal - 2 tamaños;42;302;;8435435305130
18623918;507130;Plafón Diamond Schuller - Abalorios cristal - 2 tamaños;13;442;;8435435305147
18625074;49441583/7611;Lampara Domo Schuller - Colgante pantalla blanca - LED;28;638;;8435435304935
18625163;69441581/7608;Plafon Domo Schuller - Cadenas pantalla blanca;34;437;475,00;8435435307950
18625168;89431589/7443;Aplique Domo Schuller - Pantalla Beige LED;16;240;;8435435311599
18625453;506736;Plafón Eclipse Schuller - 4 luces tulipas doble - LED;100;168;;8435435305116
18625483;506847;Aplique Eclipse Schuller - Doble tulipa bola - Luz LED;76;48;;8435435305123
18625562;506514;Lampara Eclipse Schuller - 4 tulipas en linea - LED;80;178;;8435435305093
18625610;506625;Sobremesa Eclipse Schuller - Cromo bola - LED;43;53;;8435435324018
18630926;711021;Aplique Eloise Schuller - Barras cristal - LED;42;149;;8435435308285
18631226;711132;Plafón Eloise Schuller - Barras cristal - Luz LED;3;586;;8435435308292
18631275;579814G9;Lámpara Espiral Schuller - colgante 1 bola - LED;9;955;;8435435305956
18631330;674125;Lámpara colgante de techo Egea. 2 Tamaños.  SCHULLER.;8;250;;
18631331;E-674238;Lámpara colgante de techo Egea. 2 Tamaños.  SCHULLER.;1;279;379,00;
18631333;579930G9;Lámpara Espiral Schuller - colgante 3 bolas - LED;0;2357;;8435435305970
18631809;391329;Sobremesa serie Flash Schuller - Tulipa abalorios -LED;15;82;;8435435303495
18631825;391540;Plafón Flash Schuller - 4 luces tulipas doble - LED;32;197;;8435435303518
18631828;391218;Aplique flash Schuller - abalarios cristal;82;62;;8435435303488
18631829;391870;Aplique Flash Schuller - 2 luces LED;51;115;;8435435303549
18631831;391653;Lampara Flash Schuller - 4 tulipas en linea - LED;17;216;;8435435303525
18631836;653422;Lámpara Fox Schuller - 4 colgantes vintage LED;71;350;;8435435313210
18631837;653608;Colgante Fox Schuller - Vintage 1 tulipa - LED;40;110;;8435435313227
18637566;690217;Lámpara Estratos Schuller - 3 bolas abalorios - LED;3;2002;;8435435324070
18640663;535190;Colgante Ishara Schuller - Vintage plata - LED;25;158;;8435435311858
18640717;648175;Lampara Isis Schuller - Colgante Ø58cm oro - LED;13;350;;8435435313180
18640759;E-648091;Lampara Isis Schuller - Colgante blanco oro - LED;1;219;249,00;
18640792;648362;Aplique Isis Schuller - Blanco y oro - LED;55;86;;8435435313197
18640822;648436;Sobremesa Isis Schuller - blanco oro luz LED;16;110;;8435435313203
18641989;E-463310G9;Semiplafón Luppo Schuller - Abalorios cristal luz LED;1;262;317,00;
18642125;E-463411G9;Lampara Luppo Schuller - cromo pantalla - LED;1;269;354,00;
18642291;661418;Sobremesa Mercury Schuller grande cromo pantalla;7;115;;8435435324124
18642340;661917;Lampara de Pie Mercury Schuller - Cromo pantalla - LED;30;346;;8435435306946
18642827;392742;Lampara Kira Schuller - Colgante blanco - LED;14;304;;8435435313098
18644721;872611;Lampara Minerva Schuller - Imperio cromo Ø35cm 6L;36;542;;8435435311353
18644729;872853;Lampara Minerva Schuller - Imperio cromo Ø55cm 10L;31;1219;;8435435323578
18644759;872941;Lampara Minerva Schuller - Imperio cromo Ø68cm 12L;16;1690;;8435435323738
18644765;872712;Aplique Minerva Schuller - cadenas de metal;18;206;;8435435311360
18644809;872593;Plafón Minerva Schuller - Lampara imperio 45cm LED;8;763;;8435435311346
18644811;872469;Plafón Minerva Schuller - Lampara imperio 68cm LED;6;1426;;8435435311339
18647073;662110;Sobremesa Mercury Schuller pequeño cromo pantalla;77;91;;8435435306984
18647119;663554;Colgante Mercury Schuller - Pantalla plata Ø50cm. LED;32;202;;8435435307158
18647240;663676;Aplique Mercury Schuller - Bolas Transparentes;24;106;;8435435307189
18647267;664115;Lámpara Mercury Schuller - pantalla ovalada - LED;21;317;;8435435307233
18650299;160320;Aplique Onda Schuller - Abalorios cristal - LED;41;77;;8435435301019
18651752;124346;Lámpara Quios Schuller - 46cm. Ø luz LED;23;250;;8435435312916
18651756;124465;Lámpara Quios Schuller - 54cm. Ø luz LED;50;293;;8435435312923
18651793;E-164201;Lámpara Rex Schuller - Circular 6 brazos - LED;1;259;339,00;
18651816;E-164322;Lámpara Rex Schuller - 4 focos malla metal - LED;1;165;216,00;
18651829;E-164687;Aplique Rex Schuller - Cromo 2 tulipas - LED;2;81;119,00;8435435313005
18651841;783517;Lámpara Rocio Schuller - 5 Colgantes cromo LED;11;365;;8435435322885
18651844;783529;Lampara Rocio Schuller - 5 Colgantes oro - LED;21;384;;8435435322892
18651864;784326;Colgante Rocio Schuller - metal cromo 1 luz LED;166;91;;8435435310486
18651871;784347;Colgante Rocio Schuller - metal dorado 1 luz LED;57;101;;8435435310493
18651874;785635;Lámpara Rocio Schuller - 14 Colgantes cromo LED;15;1027;;8435435322908
18652312;160563;Plafón Saten Schuller - Lampara abalorios 43cm;20;302;;8435435301033
18653200;160674;Plafón Saten Schuller - Lampara abalorios 55cm;33;475;;8435435301040
18653991;161461;Sobremesa Saten Schuller - Pantalla abalorios - LED;18;288;;8435435301095
18654009;160785;Aplique Saten Schuller - Abalorios cristal - LED;18;91;;8435435301057
18654070;E-471724;Sobremesa Minos Schuller - Pan de plata - LED;1;149;178,00;
18657248;E-532475;Lámpara Star Schuller - Ovalada con abalorios - LED;1;489;787,00;
18661149;E-676346;Lámpara Vega Schuller - 3 Colgantes blancos LED;1;162;235,00;
18661290;E-581623;Lampara Xenia Schuller - Picos blancos - LED;1;221;418,00;
18661441;198321;Lampara Zone Schuller - Colgante blanco - LED;38;221;;8435435301507
18661478;198533;Plafón Zone Schuller - Metal blanco luz LED;61;182;;8435435301521
18661554;496135;Sobremesa Oliver Schuller - Pequeño Metal cromo - LED;4;120;;8435435322649
18661568;496248;Sobremesa Oliver Schuller - Grande Metal cromo - LED;5;158;;8435435312060
18665387;301012;Lampara Artemis Schuller - Redonda LED;6;456;;8435435302511
18665540;E-615340;Colgante Esparta Schuller - Hilos plata luz LED;1;229;269,00;
18665892;481016;Lámpara Verdi Schuller - Florentina 6 luces LED;26;470;;8435435304713
18665931;480531/S/A;Aplique Florentino Schuller - 2 luces LED;25;144;;8435435304690
18672129;810637;Lámpara Palace Schuller - 22 luces clasica LED;1;2952;2952,00;8435435323479
18710898;615926;Aplique Crisol Schuller - Vintage LED;83;91;;8435435306359
18726170;E-682931;Cuadro Chandelier Schuller - Pintura lampara araña;1;185;279,00;
18741597;721745;Cuadro Partitura Schuller - Pintura piano;21;230;;8435435308520
18741636;732401;Cuadro Umbrellas Schuller - Pintura paraguas colores;11;134;;8435435308865
18744386;792386/20721;Consola Barroque Schuller - pata barroca cromo;27;710;;8435435310585
18744397;792538;Silla Barroque Schuller - Metal cromo tapizado blanco;31;259;;8435435310608
18754955;742215;Cuadro Summer Schuller - Pintura acrilico playa;12;149;;8435435309305
18755012;586107;Pintura acrilica Ucelli  90x120cm.  SCHULLER.;45;149;;
18755014;772518;Cuadro Tropic Schuller - Pintura rectangular Loros;69;158;;8435435312268
18755030;781539;Cuadro Otto Schuller - Pintura perro con gafas;22;115;;8435435311926
18761962;751213;Bajorrelieve Cubic Schuller - Cuadros Cubos;19;466;;
18761977;751415;Bajorrelieve Lazos Schuller - Cuadro cristales;9;566;;8435435309695
18774232;118624;Espejo Dunia Schuller - Marco espejo 120x110;18;475;;8435435300180
18792273;163846;Espejo Claudia Schuller - Marco fino plata;0;245;;
18792576;29-E16;Espejo Cleopatra Schuller - Veneciano 120x80;11;533;;8435435301910
18792706;29-E23;Espejo Midas Schuller - Veneciano 70x40;44;158;;8435435301927
18798678;673938;Aplique Lucia Schuller - Tulipa cristal - LED;45;77;;8435435307615
18820779;541450;Lampara Nova Schuller - transparente 80cm LED;10;1277;;8435435323806
18821255;542013;Lampara Nova Schuller - transparente 50cm LED;6;542;;8435435305628
18876045;112512;Espejo Mercury Schuller - 5 lunas 118x44;21;202;;
18876109;130963;Espejo Celia Schuller - Espejo 90x60;19;139;;8435435300531
18943334;682642;Colgante Swing LED Blanco. 3 tamaños  SCHULLER.;0;312;;
18943335;E-682518;Colgante Swing Schuller - 3 tamaños pantalla - LED;1;325;398,00;
18943336;682790;Colgante Swing LED Blanco. 3 tamaños  SCHULLER.;0;398;;
18946035;161022;Espejo Fusion Schuller - 150x110;21;691;;8435435301088
18967546;183201;Espejo Leila Schuller - Marco Esferas;47;154;;8435435301323
18967580;195381;Espejo Elisa Schuller - Vestidor de pie;23;302;;8435435301439
18967721;29-E07/150;Espejo Roma Schuller - rectangular 150;42;302;;8435435301859
18967819;29-E07/90;Espejo Roma Schuller - rectangular 90;44;221;;8435435313456
18967835;29-E13;Espejo Zeus Schuller - Marco escalonado;53;403;;8435435301903
18967884;29-E35;Espejo Alberta Schuller - Marco espejo Ø80;17;350;;8435435301989
18967898;29-E45;Espejo Dreams Schuller - Espejos irregulares 121x80;13;466;;8435435302047
18967902;29-E47;Espejo Sorrento Schuller - Veneciano;3;946;;8435435302054
19130417;385314;Espejo Aros Schuller marco espejo Ø120;75;475;;8435435303303
19130422;385415;Espejo Alhambra Schuller 120x87;24;374;;8435435303310
19130425;386113;Espejo City Schuller - Moderno 140x68;25;413;;8435435303327
19133870;651320;Espejo Irina Schuller - marco curvo 200x90;28;730;;8435435306663
19133970;651431;Espejo Curves Schuller - 160x70;9;523;;8435435306670
19134031;651542;Espejo Curves Schuller - 103x75;16;350;;8435435306687
19134398;786136;Bajorrelieve Fosil Schuller - Cuadro 60x60;27;178;;
19134441;786351;Bajorrelieve Skull Schuller - Cuadro calavera espejo;0;154;;8435435310523
19214534;552522;Mesa Glass Schuller - Mueble auxiliar cristal con ruedas;1;168;;8435435305765
19235808;532115;Sillón en piel Italiana serie Amanda.   SCHULLER;0;1584;;
21396380;827494;Lampara Eire Schuller - 6 colgantes - Luz LED;2;408;;8435435317492
21418465;436218;Colgante Quasar Schuller - tulipa plata luz LED;34;144;;8435435317416
21418478;436462;Sobremesa Quasar Schuller - Tulipa plata luz LED;9;178;;8435435322632
21419786;436631;Aplique Quasar Schuller - Tulipa Cromo;23;96;;8435435317454
21420543;E-102048;Colgante de copens. 2 tamaños serie Elis.   SCHULLER;0;413;;
21420544;102219;Colgante de copens. 2 tamaños serie Elis.   SCHULLER;1;682;;
21524121;854275;Colgante Diva Schuller - Lámpara LED redonda;0;144;;8435435323714
21524263;854416N;Lámpara Diva Schuller - 3 Colgantes cuadrados LED;19;302;;8435435323851
21524341;854537;Lampara Diva Schuller - 4 Colgantes cuadrados LED;1;475;;8435435323639
21524387;854321;Lámpara Diva Schuller - 2 Colgantes ovalados LED;15;389;;8435435323721
21524398;854683;Aplique Diva Schuller - Abalorios cristal - LED;81;77;;8435435317195
21527961;736210;Lampara de pie Linur Schuller - LED graduable;43;302;;8435435322540
21528096;736321;Sobremesa Linur Schuller - Moderno 2 Barras LED;60;125;;8435435322557
21528114;736543;Lampara Linur Schuller - 2 barras iluminacion LED;0;226;;8435435324087
21528174;736432;Plafon Linur Schuller - 2 barras modernas con luz LED;6;211;;8435435317041
21528320;456342;Plafón Dana Schuller - Acero y cristal 3 Tamaños. Placa LED;51;101;;8435435323684
21528321;456231;Plafón Dana Schuller - Acero y cristal 3 Tamaños. Placa LED;4;158;;8435435323677
21528322;456120;Plafón Dana Schuller - Acero y cristal 3 Tamaños. Placa LED;1;211;;8435435323622
21528341;456453;Lampara Dana Schuller - Colgante cristal luz LED;67;216;;8435435323691
21528427;679215N;Lámpara Cala Schuller - 2 colgantes Iluminación LED;15;307;;8435435316990
22249636;741563;Lampara Orbita Schuller - 4 focos de luz LED;6;235;;8435435318468
22250232;683759;Lampara Nao Schuller - 2 barras lineales LED;1;475;;8435435317003
22250280;513712;Aplique Briana Schuller - Pan de oro - LED;17;158;;8435435316402
22250281;513646;Lampara de techo plata 6 u 8 pantallas.    Serie Briana Schuller;6;418;;
22250282;513825;Lampara Briana Schuller - Pan de plata 6 u 8 pantallas;2;682;825,22;8435435316426
22250506;618859;Colgante Caelum Schuller - Tulipa Cobre LED;3;456;;8435435317829
22250511;746709;Lampara Odissey Schuller - 6 barras LED;8;464;;8435435315207
22250517;447510D;Lampara Anisia Schuller - 3 modulos de luz LED y mando;0;1138;;8435435322830
22250518;447510;Lampara Anisia Schuller - 3 modulos de luz LED;18;1018;;8435435322830
22259244;641942;Colgante Laia Schuller - tulipa azul vintage - LED;0;144;;8435435318079
22259263;642053;Colgante Laia Schuller - tulipa ambar vintage - LED;54;144;;8435435318086
22260649;563958;Plafon Mare Schuller - Lampara cromo abalorios;8;302;;8435435318222
22263229;257685;Lampara Laura Schuller - Colgante blanco y oro - LED;27;192;;8435435317874
22263286;520783;Lámpara Holandesa Schuller - Cromo 6 luces penduloques;9;461;;8435435323790
22545951;480531/4834;Aplique Florentino Schuller - 2 luces con pantallas;25;173;;8435435304683
24216765;793301;Colgante Sphere Schuller 1 bola cromo Ø12cm LED;57;86;;8435435319267
24216773;793412;Colgante Sphere Schuller 1 bola cromo Ø20cm LED;2;182;;8435435319274
24216778;793523;Colgante Sphere Schuller 5 bolas cromo LED;44;370;;8435435323530
24216782;793635;Lampara Sphere Schuller - lineal 4 bolas cromo LED;31;331;;8435435324117
24216790;793746;Colgante Sphere Schuller 14 bolas cromo LED;35;686;;8435435323547
24216798;756853;Lampara Katia Schuller - redonda Acero 14 luces LED;14;1584;;8435435319236
24221183;756729;Lampara Katia Schuller - Acero 10 luces LED;3;797;;8435435319229
24238617;266753;Aplique Narisa Schuller. Rosa/blanco/cromo;10;144;;8435435318888
24238618;266724;Aplique Narisa Schuller. Rosa/blanco/cromo;26;149;;8435435318871
24238619;266782N;Aplique Narisa Schuller. Rosa/blanco/cromo;28;149;;8435435322113
24238879;266028;Colgante Narisa Schuller Ø18cm. Rosa/cromo;26;106;;8435435318673
24238880;266035N;Colgante Narisa Schuller Ø18cm. Rosa/cromo;119;106;;8435435322076
24238904;266172;Colgante Narisa Schuller Ø32cm Oro Rosa.;9;197;;8435435318710
24239188;266426;Lampara Narisa Schuller 5 colgantes. Rosa/blanco/cromo;18;302;;8435435318796
24239189;266401;Lampara Narisa Schuller 5 colgantes. Rosa/blanco/cromo;1;494;;
24239190;266492;Lampara Narisa Schuller 5 colgantes. Rosa/blanco/cromo;6;494;;
24240872;266290;Colgante Narisa Schuller Ø46cm. Rosa/blanco/cromo;46;307;;8435435318741
24240873;266284;Colgante Narisa Schuller Ø46cm. Rosa/blanco/cromo;41;307;;8435435318734
24240874;266251N;Colgante Narisa Schuller Ø46cm. Rosa/blanco/cromo;1;370;;8435435322083
24240881;266580;Sobremesa Narisa Schuller - Rosa/blanco/cromo;2;240;;8435435318833
24240882;266577;Sobremesa Narisa Schuller - Rosa/blanco/cromo;19;278;;8435435318826
24240883;266544N;Sobremesa Narisa Schuller - Rosa/blanco/cromo;5;264;;8435435322090
24240896;266630;Lampara de Pie Narisa Schuller - Rosa/blanco/cromo;7;456;;8435435322229
24240897;266695;Lampara de Pie Narisa Schuller - Rosa/blanco/cromo;3;475;;8435435320256
24240898;266616N;Lampara de Pie Narisa Schuller - Rosa/blanco/cromo;0;475;;8435435322106
24240905;266909;Plafon Narisa Schuller Ø32cm. Rosa/blanco/cromo;26;192;;
24240906;266946;Plafon Narisa Schuller Ø32cm. Rosa/blanco/cromo;16;235;;8435435318949
24240907;266973N;Plafon Narisa Schuller Ø32cm. Rosa/blanco/cromo;2;235;;8435435322137
24240911;266847;Plafon Narisa Schuller Ø46cm. Rosa/blanco/cromo;15;317;;8435435318918
24240912;266866;Plafon Narisa Schuller Ø46cm. Rosa/blanco/cromo;30;370;;8435435318925
24240913;266822N;Plafon Narisa Schuller Ø46cm. Rosa/blanco/cromo;19;370;;8435435322120
24240922;266369;Lampara Narisa Schuller - Rosa/blanco/cromo;26;264;;8435435318772
24422974;569120;Espejo Aurora Schuller - Espejo rectangular pan de plata;24;365;;8435435319076
24423383;794172;Espejo Sphere Schuller - Espejo semiesferas cristal;13;374;;8435435319861
24423389;490633;Espejo Love Schuller - Espejo bitono Love cristal;43;154;;8435435319359
24427947;852508;Espejo Rizos Schuller - Espejo marco rizos cristal;24;370;;8435435319373
24455228;654522;Lampara Aqua Schuller - Lampara lineal 3 colgantes;8;317;;8435435319748
24455317;654639;Lampara Aqua Schuller - Lampara redonda 3 colgantes;37;350;;8435435319755
24459317;29-E07/178;Espejo Roma Schuller - 178x80;29;528;;8435435301873
24459414;195627;Espejo Elisa Schuller - Marco espejos 105x74;40;178;;8435435301453
24459503;287506;Espejo Nácar Schuller - Espejo 120x80 marco nacar;12;283;;8435435317607
24472638;924713;Espejo Avenue Schuller - Marco Espejo 80x120;61;211;;8435435317690
24590099;783753;Lámpara Rocio Schuller - 3 Colgantes cromo LED;97;240;;8435435318123
26018694;783618;Lámpara Rocio Schuller - Lineal 5 luces Cromo LED;0;389;;8435435323509
27088376;124011;Plafon Quios Schuller - Ø46cm. blanco LED.;43;192;;8435435312886
27088512;E-568581;Lampara Anastasia Schuller - colgante Ø 50cm. LED;2;242;274,00;8435435320577
27088519;568672;Lampara Anastasia Schuller - 3 colgantes Ø 62cm. LED;16;442;;8435435320584
27095467;625211;Lampara Flavia Schuller - Lineal 4 bolas LED;6;235;;8435435321734
27095708;625432;Lampara Flavia Schuller - colgante cromo bola LED;14;67;;8435435321758
27095746;625654;Plafon Flavia Schuller - Lampara 4 luces bola LED;5;206;;8435435321772
27095770;625769;Aplique Flavia Schuller - Cromo bola LED;8;67;;8435435321789
27103211;793091;Lampara Sphere Schuller - colores 9 bolas LED;7;658;;8435435324094
27103283;793258;Colgante Sphere Schuller 14 bolas colores LED;0;1018;;8435435323523
27590332;793429;Colgante Sphere Schuller - Ø 12cm tono laton;0;101;;8435435322779
27590344;793534;Lampara Sphere Schuller - 5 colgantes colores LED;22;389;;8435435322724
27590450;793659;Lampara Sphere Schuller - 4 colgantes colores LED;14;336;;8435435322731
27590517;794017;Plafon Sphere Schuller - Lampara 3 Bolas cromo LED;0;211;;8435435323004
27590758;794025;Plafon Sphere Schuller - Lampara 3 Bolas multicolor LED;21;226;;8435435323011
27590815;794496;Sobremesa Sphere Schuller - Ø12cm Tono laton Luz LED;12;96;;8435435322786
27590957;794539;Sobremesa Sphere Schuller - Ø20cm Tono laton Luz LED;11;202;;8435435322793
27591646;507939D;Plafon Argos Schuller - Plafon Ø40cm espejo Argos - con mando;33;312;;8435435323776
27591647;507939;Plafon Argos Schuller - Plafon Ø40cm espejo Argos;33;254;;8435435305185
27763561;793269D;Lampara Sphere Schuller - 14 Colgantes cromo LED dimable;3;1027;;8435435323257
27763562;793269;Lampara Sphere Schuller - 14 Colgantes cromo LED dimable;2;979;;8435435323257
30534264;373091;Colgante Varas Schuller - acabado Oro 1 luz LED;17;72;;
30534688;373084;Colgante Varas Schuller - acabado cromo 1 luz LED;0;67;;
30534988;373075;Colgante Varas Schuller - acabado blanco 1 luz LED;0;53;;
30535105;373067;Colgante Varas Schuller - acabado negro mate 1 luz LED;0;53;;
30537220;373579;Sobremesa Varas Schuller - Negro mate y oro 2 Luces LED;0;110;;
30537227;373581;Sobremesa Varas Schuller - Blanco mate y cromo 2 Luces LED;24;110;;
30537237;373599;Sobremesa Varas Schuller - Blanco mate y oro 2 Luces LED;180;120;;
30537241;373614;Lámpara de pie Varas Schuller - Blanco mate y oro 2 Luces LED;63;192;;
30537244;373629;Lámpara de pie Varas Schuller - Blanco mate y cromo 2 Luces LED;59;187;;
30537247;373685;Lámpara de pie Varas Schuller - Negro mate y oro 2 Luces LED;14;182;;
30537258;786716;Lampara Colette Schuller - Oro Rosado 60cm Ø.  Luz LED;16;278;;
30537270;786831;Lampara Colette Schuller - Cromo 60cm Ø.  Luz LED;9;293;;
30538749;373378D;Lampara Varas Schuller -  Blanco y cromo 11 luces LED - Con Mando;31;451;;
30538750;373378;Lampara Varas Schuller -  Blanco y cromo 11 luces LED - Con Mando;30;403;;
30538823;373437D;Lampara Varas Schuller - Blanco y oro 14 luces LED - Con Mando;2;629;;
30538824;373437;Lampara Varas Schuller - Blanco y oro 14 luces LED;1;581;;
30538832;373142D;Lampara Varas Schuller -  Negro mate y oro 5 Luces LED Con Mando;31;288;;
30538833;373142;Lampara Varas Schuller -  Negro mate y oro 5 Luces LED;31;240;;
30538861;373416D;Lampara Varas Schuller -  Blanco y cromo 14 luces LED Con Mando;35;586;;
30538862;373416;Lampara Varas Schuller -  Blanco y cromo 14 luces LED;35;538;;
30538873;373123D;Lampara Varas Schuller - Blanco mate y cromo 5 Luces LED Con Mando;62;259;;
30538874;373123;Lampara Varas Schuller - Blanco mate y cromo 5 Luces LED;62;211;;
30538892;373101D;Lampara Varas Schuller - Blanco mate y oro 5 Luces LED Con Mando;94;288;;
30538893;373101;Lampara Varas Schuller - Blanco mate y oro 5 Luces LED;93;240;;
30538901;373261D;Lampara Varas Schuller -  Blanco y cromo 9 Luces LED Con Mando;18;398;;
30538902;373261;Lampara Varas Schuller -  Blanco y cromo 9 Luces LED;18;350;;
30538939;373342D;Lampara Varas Schuller -  Blanco y oro 11 luces LED Con Mando;26;475;;
30538940;373342;Lampara Varas Schuller -  Blanco y oro 11 luces LED;26;432;;
30538954;373250D;Lampara Varas Schuller -  Blanco y oro 9 Luces LED Con Mando;53;427;;
30538955;373250;Lampara Varas Schuller -  Blanco y oro 9 Luces LED;53;379;;
30549946;377485;Lámpara colgante Lipse Schuller -  cromo 7L. LED.;2;230;;
30550104;377523;Lámpara colgante Lipse Schuller - acabado cromo 5L. LED.;7;192;;
30550229;377934;Lámpara espiral Lipse Schuller - 9L. LED.;43;317;;
30550304;377101;Lámpara colgante Lipse Schuller - acabado cromo 1L. LED.;52;48;;
30550401;773421;Lámpara colgante Elie Schuller - acabado cromo 4L. LED.;13;254;;
30551319;773572;Lámpara colgante Elie Schuller - acabado cromo 5L. LED.;15;312;;
30551360;394460;Lámpara colgante Taccia Schuller - acabado cromo 4L. LED.;48;221;;
30556690;394318;Lámpara colgante Taccia Schuller - acabado cromo 1L. LED.;12;82;;
30556744;394529;Lámpara colgante Taccia Schuller -  6 colgantes. LED.;25;331;;
30556797;394647;Lámpara colgante Taccia Schuller - 38cm Ø. 6L. LED.;6;298;;
30561181;345381;Lámpara colgante Izar Schuller - negro cromo 4L. LED.;4;235;;
30561274;584214;Lámpara colgante Nebula Schuller - 4 luces LED. Cromo;33;254;;
30561288;584102;Lámpara colgante Nebula Schuller - 1 luz LED. Cromo;4;86;;
30569922;281483;Plafon Laris Schuller - acabado cromo  43cm. Ø. luz LED;90;259;;
30570084;281096;Aplique pared Laris Schuller - acabado cromo  luz LED;63;134;;
30570173;584659;Aplique pared Nebula Schuller - 1 luz LED. Cromo;6;82;;
30570330;493826;Lámpara sobremesa Nebula Schuller - 1 luz LED. Cromo;59;91;;
30570342;345509D;Lámpara colgante Altais Schuller - negro cromo 9L. LED. Con Mando;20;418;;
30570343;345509;Lámpara colgante Altais Schuller - negro cromo 9L. LED.;19;365;;
30570354;346810;Lámpara regleta Adame Schuller - negro y oro 3L. LED;98;158;;8435435326487
30570360;346028;Lámpara colgante Adame Schuller - Blanco y plata 1L. LED;108;48;;8435435321833
30570375;346766;Lámpara colgante Adame Schuller - Blanco y plata 3L. LED;12;158;;8435435321932
30570392;584438D;Lámpara colgante Nebula Schuller - 5 luces LED. Cromo;4;365;;
30570393;584438;Lámpara colgante Nebula Schuller - 5 luces LED. Cromo;16;298;;
30570412;346011;Lámpara colgante Adame Schuller - Negro y oro 1L. LED;12;48;;8435435321826
30570422;584541D;Lámpara colgante Nebula Schuller - 12 luces LED. Cromo;10;830;;
30570423;584541;Lámpara colgante Nebula Schuller - 12 luces LED. Cromo;18;749;;
30570434;346109;Lámpara de pie Adame Schuller - Negro y oro 1L. LED;1;96;;8435435321840
30570438;346115;Lámpara de pie Adame Schuller - Blanco y plata 1L. LED;59;96;;8435435321857
30570444;346246;Lámpara de pie Adame Schuller - Blanco y plata 3L. LED;7;221;;8435435321871
30570449;346230;Lámpara de pie Adame Schuller - Negro y oro 3L. LED;12;221;;8435435321864
30570451;346357;Sobremesa Flexo Adame Schuller - Negro y oro 1L. LED;10;96;;8435435321888
30571252;346382;Sobremesa Flexo Adame Schuller - Blanco y oro 1L. LED;64;96;;8435435321895
30571271;346573;Aplique pared Adame Schuller - Negro y oro 1L. LED;33;48;;8435435321901
30571280;346596;Aplique pared Adame Schuller - blanco y plata 1L. LED;48;48;;8435435321918
30571281;281275D;Colgante Laris Schuller - acabado cromo  62cm. Ø. luz LED;75;418;;
30571282;281275;Colgante Laris Schuller - acabado cromo  62cm. Ø. luz LED;75;370;;
30571295;281360D;Colgante Laris Schuller - acabado cromo  82cm. Ø. luz LED;70;773;;
30571296;281360;Colgante Laris Schuller - acabado cromo  82cm. Ø. luz LED;70;725;;
30571349;753321;Lámpara Limus Schuller - acero inoxidable pulido luz LED;1;917;;
30571371;346724;Lámpara colgante Adame Schuller - Negro y oro 3L. LED;15;158;;8435435321925
30571374;753319;Lámpara colgante Limus Schuller - baño dorado  luz LED;35;1008;;
30571397;495872;Lámpara Cuadros Schuller - acabado cromo brillo luz LED;22;346;;8435435326036
30571401;495703;Lámpara Cuadros Schuller - acabado cromo brillo luz LED;27;230;;8435435326029
30572300;785194;Lámpara Plafon Quasar Schuller - Con mando 45cm Ø LED;28;139;;8435435327774
30572307;785263;Lámpara Plafon Quasar Schuller - Con mando 80cm Ø LED;35;230;;8435435327781
30572308;673699;Lámpara Plafon Quasar Schuller - Con mando 80cm Ø LED;40;139;;8435435327569
30586523;853804;Cuadro Geisha Schuller - Cuadro fotografía impresa Geisha;0;202;;
30586638;880138;Cuadro Colores Schuller - Cuadro fotografía impresa Colores;0;158;;
30586650;921688;Cuadro Simbiosis Schuller - Cuadro fotografía impresa;0;158;;
30586663;861298;Cuadro Quebrada Schuller - Cuadro fotografía impresa;0;158;;
30586667;899925;Cuadro Comic Schuller - Cuadro fotografía impresa Comic;25;158;;
30586674;826198;Cuadro Marea Baja Schuller - Cuadro fotografía impresa;28;158;;
30586691;775922;Cuadro The Empire State Schuller - Cuadro fotografía impresa;5;158;;
30593947;729040;Cuadro Rascacielos Schuller - Cuadro fotografía impresa;38;158;;
30593984;819374;Cuadro Gotica Schuller - Cuadro fotografía impresa Gotica;22;158;;
30594018;978153;Cuadro Oronegro Schuller - Cuadro fotografía impresa;12;139;;
30594062;748472;Cuadro Mujer Dorada Schuller - Cuadro fotografía impresa;12;235;;
30594075;978245;Cuadro Ébano Schuller - Cuadro fotografía impresa Ebano;66;158;;
30594124;770916;Cuadro Streets Schuller - Cuadro pintura acrilica Schuller;31;197;;
30594140;316704;Cuadro Vesta Schuller - Lienzo impreso Vesta de  Schuller;12;235;;
30594150;316918;Cuadro Talía Schuller - Lienzo impreso Talía de  Schuller;25;235;;
30594160;421862;Cuadro Himba Schuller - Lienzo impreso Himba de  Schuller;19;0;;
